Year,PV,SumofPMT,AccumulatedInterest,FV
1,-50000,-6000,-3500,59500
2,-59500,-12000,-7665,69665
3,-69665,-18000,-12542,80542
4,-80542,-24000,-18179,92179
5,-92179,-30000,-24632,104632
6,-104632,-36000,-31956,117956
7,-117956,-42000,-40213,132213
8,-132213,-48000,-49468,147468
9,-147468,-54000,-59791,163791
10,-163791,-60000,-71256,181256
11,-181256,-66000,-83944,199944
12,-199944,-72000,-97940,219940
13,-219940,-78000,-113336,241336
14,-241336,-84000,-130230,264230
15,-264230,-90000,-148726,288726
16,-288726,-96000,-168937,314937
17,-314937,-102000,-190982,342982
18,-342982,-108000,-214991,372991
19,-372991,-114000,-241100,405100
20,-405100,-120000,-269457,439457
21,-439457,-126000,-300219,476219
22,-476219,-132000,-333555,515555
23,-515555,-138000,-369643,557643
24,-557643,-144000,-408678,602678
25,-602678,-150000,-450866,650866
26,-650866,-156000,-496426,702426
27,-702426,-162000,-545596,757596
28,-757596,-168000,-598628,816628
29,-816628,-174000,-655792,879792
30,-879792,-180000,-717377,947377
31,-947377,-186000,-783694,1019694
